month,nstockprice,recession,gz_spr,ebp,npgas,rvfactor,umcsent_cargas
1959,55.62,0,,,7.342,1,0
1959.083333,54.77,0,,,7.536,1,0
1959.166667,56.16,0,,,7.503,1,0
1959.25,57.10,0,,,7.6,1,0
1959.333333,57.96,0,,,7.568,1,0
1959.416667,57.46,0,,,7.568,1,0
1959.5,59.74,0,,,7.536,1,0
1959.583333,59.40,0,,,7.729,1,0
1959.666667,57.05,0,,,7.665,1,0
1959.75,57.00,0,,,7.89,1,0
1959.833333,57.23,0,,,7.89,1,0
1959.916667,59.06,0,,,7.89,1,0
1960,58.03,0,,,7.793,1,0
1960.083333,55.78,0,,,7.761,1,0
1960.166667,55.02,0,,,7.729,1,0
1960.25,55.73,0,,,7.761,1,0
1960.333333,55.22,1,,,7.729,1,0
1960.416667,57.26,1,,,7.793,1,0
1960.5,55.84,1,,,7.89,1,0
1960.583333,56.51,1,,,8.019,1,0
1960.666667,54.81,1,,,7.987,1,0
1960.75,53.73,1,,,7.89,1,0
1960.833333,55.47,1,,,8.051,1,0
1960.916667,56.80,1,,,7.987,1,0
1961,59.72,1,,,7.987,1,0
1961.083333,62.17,1,,,7.922,1,0
1961.166667,64.12,0,,,7.793,1,0
1961.25,65.83,0,,,7.536,1,0
1961.333333,66.50,0,,,7.632,1,0
1961.416667,65.62,0,,,7.664,1,0
1961.5,65.44,0,,,7.761,1,0
1961.583333,67.79,0,,,7.858,1,0
1961.666667,67.26,0,,,7.89,1,0
1961.75,68.00,0,,,7.793,1,0
1961.833333,71.08,0,,,7.858,1,0
1961.916667,71.74,0,,,7.697,1,0
1962,69.07,0,,,7.729,1,0
1962.083333,70.22,0,,,7.858,1,0
1962.166667,70.29,0,,,7.664,1,0
1962.25,68.05,0,,,7.89,1,0
1962.333333,62.99,0,,,7.858,1,0
1962.416667,55.63,0,,,7.729,1,0
1962.5,56.97,0,,,7.568,1,0
1962.583333,58.52,0,,,7.729,1,0
1962.666667,58.00,0,,,8.019,1,0
1962.75,56.17,0,,,7.954,1,0
1962.833333,60.04,0,,,7.922,1,0
1962.916667,62.64,0,,,8.019,1,0
1963,65.06,0,,,7.922,1,0
1963.083333,65.92,0,,,7.922,1,0
1963.166667,65.67,0,,,7.793,1,0
1963.25,68.76,0,,,7.729,1,0
1963.333333,70.14,0,,,7.793,1,0
1963.416667,70.11,0,,,7.632,1,0
1963.5,69.07,0,,,7.793,1,0
1963.583333,70.98,0,,,7.954,1,0
1963.666667,72.85,0,,,7.729,1,0
1963.75,73.03,0,,,7.825,1,0
1963.833333,72.62,0,,,7.761,1,0
1963.916667,74.17,0,,,7.825,1,0
1964,76.45,0,,,7.793,1,0
1964.083333,77.39,0,,,7.793,1,0
1964.166667,78.80,0,,,7.761,1,0
1964.25,79.94,0,,,7.761,1,0
1964.333333,80.72,0,,,7.697,1,0
1964.416667,80.24,0,,,7.697,1,0
1964.5,83.22,0,,,7.697,1,0
1964.583333,82.00,0,,,7.697,1,0
1964.666667,83.41,0,,,7.729,1,0
1964.75,84.85,0,,,7.761,1,0
1964.833333,85.44,0,,,7.793,1,0
1964.916667,83.96,0,,,7.825,1,0
1965,86.12,0,,,7.922,1,0
1965.083333,86.75,0,,,7.922,1,0
1965.166667,86.83,0,,,7.987,1,0
1965.25,87.97,0,,,8.019,1,0
1965.333333,89.28,0,,,8.019,1,0
1965.416667,85.04,0,,,8.083,1,0
1965.5,84.91,0,,,8.083,1,0
1965.583333,86.49,0,,,8.051,1,0
1965.666667,89.38,0,,,8.083,1,0
1965.75,91.39,0,,,8.115,1,0
1965.833333,92.15,0,,,8.115,1,0
1965.916667,91.73,0,,,8.148,1,0
1966,93.32,0,,,8.148,1,0
1966.083333,92.69,0,,,8.115,1,0
1966.166667,88.88,0,,,8.115,1,0
1966.25,91.60,0,,,8.115,1,0
1966.333333,86.78,0,,,8.148,1,0
1966.416667,86.06,0,,,8.148,1,0
1966.5,85.84,0,,,8.212,1,0
1966.583333,80.65,0,,,8.244,1,0
1966.666667,77.81,0,,,8.341,1,0
1966.75,77.13,0,,,8.373,1,0
1966.833333,80.99,0,,,8.405,1,0
1966.916667,81.33,0,,,8.405,1,0
1967,84.45,0,,,8.437,1,0
1967.083333,87.36,0,,,8.437,1,0
1967.166667,89.42,0,,,8.405,1,0
1967.25,90.96,0,,,8.502,1,0
1967.333333,92.59,0,,,8.502,1,0
1967.416667,91.43,0,,,8.502,1,0
1967.5,93.01,0,,,8.502,1,0
1967.583333,94.49,0,,,8.502,1,0
1967.666667,95.81,0,,,8.598,1,0
1967.75,95.66,0,,,8.502,1,0
1967.833333,92.66,0,,,8.631,1,0
1967.916667,95.30,0,,,8.502,1,0
1968,95.04,0,,,8.598,1,0
1968.083333,90.75,0,,,8.63,1,0
1968.166667,89.09,0,,,8.598,1,0
1968.25,95.67,0,,,8.534,1,0
1968.333333,97.87,0,,,8.566,1,0
1968.416667,100.50,0,,,8.598,1,0
1968.5,100.30,0,,,8.598,1,0
1968.583333,98.11,0,,,8.695,1,0
1968.666667,101.30,0,,,8.631,1,0
1968.75,103.80,0,,,8.663,1,0
1968.833333,105.40,0,,,8.727,1,0
1968.916667,106.50,0,,,8.631,1,0
1969,102.00,0,,,8.727,1,0
1969.083333,101.50,0,,,8.76,1,0
1969.166667,99.30,0,,,8.888,1,0
1969.25,101.30,0,,,8.985,1,0
1969.333333,104.60,0,,,8.953,1,0
1969.416667,99.14,0,,,9.017,1,0
1969.5,94.71,0,,,8.953,1,0
1969.583333,94.18,0,,,8.953,1,0
1969.666667,94.51,0,,,8.92,1,0
1969.75,95.52,0,,,8.92,1,0
1969.833333,96.21,0,,,8.856,1,0
1969.916667,91.11,0,,,8.92,1,0
1970,90.31,1,,,8.888,1,0
1970.083333,87.16,1,,,8.92,1,0
1970.166667,88.65,1,,,8.759,1,0
1970.25,85.95,1,,,9.114,1,0
1970.333333,76.06,1,,,9.049,1,0
1970.416667,75.59,1,,,8.953,1,0
1970.5,75.72,1,,,9.017,1,0
1970.583333,77.92,1,,,8.856,1,0
1970.666667,82.58,1,,,8.92,1,0
1970.75,84.37,1,,,9.049,1,0
1970.833333,84.28,1,,,9.081,1,0
1970.916667,90.05,0,,,9.146,1,0
1971,93.49,0,,,9.178,1,0
1971.083333,97.11,0,,,9.049,1,0
1971.166667,99.60,0,,,8.985,1,0
1971.25,103.00,0,,,8.856,1,0
1971.333333,101.60,0,,,8.856,1,0
1971.416667,99.72,0,,,8.888,1,0
1971.5,99.00,0,,,8.791,1,0
1971.583333,97.24,0,,,9.146,1,0
1971.666667,99.40,0,,,9.178,1,0
1971.75,97.29,0,,,9.21,1,0
1971.833333,92.78,0,,,9.146,1,0
1971.916667,99.17,0,,,9.178,1,0
1972,103.30,0,,,9.081,1,0
1972.083333,105.20,0,,,9.049,1,0
1972.166667,107.70,0,,,9.049,1,0
1972.25,108.80,0,,,8.953,1,0
1972.333333,107.70,0,,,9.017,1,0
1972.416667,108.00,0,,,8.92,1,0
1972.5,107.20,0,,,9.017,1,0
1972.583333,111.00,0,,,9.146,1,0
1972.666667,109.40,0,,,9.339,1,0
1972.75,109.60,0,,,9.371,1,0
1972.833333,115.10,0,,,9.436,1,0
1972.916667,117.50,0,,,9.436,1,0
1973,118.40,0,1.116861064,0.015235227,9.468,1,0
1973.083333,114.20,0,1.045423143,-0.017297254,9.532,1,0
1973.166667,112.40,0,0.995689367,-0.105860502,9.564,1,3
1973.25,110.30,0,0.95533272,-0.16281684,9.726,1,6
1973.333333,107.20,0,1.007392811,-0.056193755,9.79,1,9
1973.416667,104.80,0,1.142262808,0.052576166,9.983,1,7
1973.5,105.80,0,0.933240765,-0.325544167,9.983,1,5
1973.583333,103.80,0,0.963220968,-0.16450853,9.983,1,3
1973.666667,105.60,0,0.770816862,-0.333023142,9.919,1,5.333333492
1973.75,109.80,0,1.249713801,0.161515577,10.37,1,7.666666508
1973.833333,102.00,0,1.309286649,0.084170668,10.853,1,10
1973.916667,94.78,1,1.252406879,0.036113391,11.336,1.182420714,14.33333302
1974,96.11,1,1.129029554,-0.008471163,11.98,1.17417433,18.66666603
1974.083333,93.45,1,1.249323678,0.180902551,12.656,1.425011939,23
1974.166667,97.44,1,1.162634298,-0.079872719,13.558,1.668360627,20
1974.25,92.46,1,1.175889609,0.078233453,13.751,1,17
1974.333333,89.67,1,1.217190648,0.082459497,14.041,1,14
1974.416667,89.79,1,1.751911998,0.663059902,14.041,1,10.66666698
1974.5,79.31,1,2.439163258,1.177036409,14.073,1,7.333333492
1974.583333,76.03,1,1.935929473,0.818192408,13.976,1,4
1974.666667,68.12,1,2.194856235,0.882155362,13.912,1,4.666666508
1974.75,69.44,1,2.410797547,1.01556514,13.719,1,5.333333492
1974.833333,71.74,1,2.207241842,1.000634727,13.654,1,6
1974.916667,67.07,1,2.530087439,1.157287918,13.686,1,5
1975,72.56,1,1.674299151,0.395143062,13.783,1,4
1975.083333,80.10,1,1.579973899,0.404772157,13.783,1,3
1975.166667,83.78,1,1.83003776,0.577988626,13.848,1,3
1975.25,84.72,0,1.490072032,0.206535239,13.848,1,3
1975.333333,90.10,0,1.540399501,0.328503924,14.009,1,3
1975.416667,92.40,0,1.405121414,0.226812358,14.331,1,4
1975.5,92.49,0,1.429246002,0.350295737,14.846,1,5
1975.583333,85.71,0,1.248116482,0.103096561,14.975,1,6
1975.666667,84.67,0,1.364993401,0.274954288,15.104,1,5
1975.75,88.57,0,1.304899703,0.085171502,15.232,1,4
1975.833333,90.07,0,1.276563659,0.156012368,15.232,1,3
1975.916667,88.70,0,1.206727743,-0.058810479,15.2,1,2.333333254
1976,96.86,0,0.972039198,-0.165167848,15.168,1,1.666666627
1976.083333,100.60,0,1.04690079,-0.073840965,15.039,1,1
1976.166667,101.10,0,0.995522519,-0.118745891,14.91,1,1.333333373
1976.25,101.90,0,1.037580731,-0.06119207,14.717,1,1.666666627
1976.333333,101.20,0,1.005484867,-0.125519766,14.846,1,2
1976.416667,101.80,0,0.998027706,-0.05152198,15.039,1,1.666666627
1976.5,104.20,0,0.961717679,-0.091715791,15.071,1,1.333333373
1976.583333,103.30,0,0.906723111,-0.15109725,15.103,1,1
1976.666667,105.50,0,0.845776994,-0.195706796,15.2,1,1.333333373
1976.75,101.90,0,0.927172185,-0.115684756,15.393,1,1.666666627
1976.833333,101.20,0,0.836380747,-0.3568194,15.522,1,2
1976.916667,104.70,0,1.100844951,-0.031710763,15.554,1,2.333333254
1977,103.80,0,0.977505893,-0.327321902,15.619,1,2.666666746
1977.083333,101.00,0,0.920651494,-0.206452802,15.844,1,3
1977.166667,100.60,0,0.907125049,-0.173560366,16.005,1,4.333333492
1977.25,99.05,0,0.850312429,-0.257507603,16.005,1,5.666666508
1977.333333,98.76,0,0.799184886,-0.257663119,16.102,1,7
1977.416667,99.29,0,0.838833415,-0.272652289,16.005,1,6
1977.5,100.20,0,0.873294586,-0.186126753,15.909,1,5
1977.583333,97.75,0,0.940179352,-0.1769168,15.909,1,4
1977.666667,96.23,0,0.943336649,-0.144722551,15.973,1,3.333333254
1977.75,93.74,0,0.95529744,-0.134811897,16.134,1,2.666666746
1977.833333,94.28,0,0.935028181,-0.140830469,16.263,1,2
1977.916667,93.82,0,0.798226085,-0.32721083,16.392,1,2.333333254
1978,90.25,0,0.772285281,-0.32704732,16.392,1,2
1978.083333,88.98,0,0.719168724,-0.341122312,16.295,1,3
1978.166667,88.82,0,0.724144438,-0.342124588,16.325,1,1
1978.25,92.71,0,0.736914319,-0.290817429,16.229,1,2
1978.333333,97.41,0,0.77843486,-0.250192327,16.261,1,1
1978.416667,97.66,0,0.628468076,-0.458841231,16.326,1,1
1978.5,97.19,0,0.625992029,-0.370268744,16.453,1,1
1978.583333,103.90,0,0.620575869,-0.376611008,16.679,1,1
1978.666667,103.90,0,0.643632309,-0.316496866,16.903,1,1
1978.75,100.60,0,0.579487227,-0.48361195,17.224,1,1
1978.833333,94.71,0,0.667174379,-0.247254269,17.513,1,2
1978.916667,96.11,0,0.64999796,-0.382813986,17.836,1,3
1979,99.71,0,0.703982947,-0.249875043,18.027,1,5
1979.083333,98.23,0,0.663857665,-0.314577166,18.156,1,3
1979.166667,100.10,0,0.650933606,-0.176022309,18.993,1,14
1979.25,102.10,0,0.644435286,-0.225568927,19.99,1,19
1979.333333,99.73,0,0.705979255,-0.254364777,20.987,1.322378601,22
1979.416667,101.70,0,0.737305808,-0.175611033,22.243,1.141579572,26
1979.5,102.70,0,0.651617196,-0.249931156,23.401,1.079179245,25
1979.583333,107.40,0,0.585882408,-0.325196248,24.43,1,18
1979.666667,108.60,0,0.695750686,-0.137222542,25.364,1,14
1979.75,104.50,0,0.731465882,-0.696040069,25.877,1,13
1979.833333,103.70,0,0.783384512,-0.115368092,26.295,1,10
1979.916667,107.80,0,0.84294189,0.141843219,26.971,1,13
1980,110.90,0,0.821165993,-0.043028936,28.901,1,19
1980.083333,115.30,1,0.887828371,-0.398108342,30.283,1,13
1980.166667,104.70,1,0.978799859,0.296630347,32.054,1,16
1980.25,103.00,1,1.129715496,-0.462172157,31.763,1,16
1980.333333,107.70,1,0.976567634,-0.044072745,31.762,1,15
1980.416667,114.60,1,0.941452682,-0.142333665,31.568,1,9
1980.5,119.80,1,0.95260037,0.039002224,31.503,1,6
1980.583333,123.50,0,0.893411418,-0.020401666,31.47,1,5
1980.666667,126.50,0,0.939853253,-0.046760445,31.437,1,5
1980.75,130.20,0,0.917721554,-0.119737995,31.693,1,4
1980.833333,135.70,0,0.985126455,0.307785644,31.757,1,4
1980.916667,133.50,0,1.121532964,0.102747877,31.981,1,5
1981,133.00,0,1.079131647,0.38607453,33.3,1,4
1981.083333,128.40,0,0.880788101,0.118240456,35.359,1,8
1981.166667,133.20,0,0.867783274,-0.026417035,36.355,1,6
1981.25,134.40,0,1.12628709,0.519422852,35.582,1,5
1981.333333,131.70,0,1.195733638,0.362397422,35.065,1,3
1981.416667,132.30,0,1.093743639,0.426786397,34.679,1,2
1981.5,129.10,0,1.104175,0.416016977,34.485,1,3
1981.583333,129.60,1,1.034390517,0.299066376,34.484,1,4
1981.666667,118.30,1,1.157010687,0.396974519,34.645,1,3
1981.75,119.80,1,1.37571801,0.62212774,34.837,1,1
1981.833333,122.90,1,1.464404069,0.233677377,35.028,1,2
1981.916667,123.80,1,1.479648467,0.590819889,34.93,1,2
1982,117.30,1,1.473365468,0.76771818,34.769,1,2
1982.083333,114.50,1,1.437848863,0.526797324,34.094,1,2
1982.166667,110.80,1,1.611136162,0.931540721,33.32,1,1
1982.25,116.30,1,1.634412413,0.834818539,31.293,1,1
1982.333333,116.40,1,1.507484235,0.758458399,31.453,1,1
1982.416667,109.70,1,1.543679048,0.734108524,33.061,1,2
1982.5,109.40,1,1.624498326,0.673822404,33.543,1,2
1982.583333,109.70,1,1.752959264,0.007688959,33.477,1,1
1982.666667,122.40,1,1.639230342,0.466015621,33.186,1,1
1982.75,132.70,1,1.809798288,0.233901085,33.185,1,0
1982.833333,138.10,1,1.569092043,0.493420953,33.056,1,1
1982.916667,139.40,0,1.59802866,0.688746721,32.284,1,1
1983,144.30,0,1.267605358,0.309107923,31.831,1,1
1983.083333,146.80,0,1.321093575,0.251544752,30.834,1,0
1983.166667,151.90,0,0.994533299,0.146869395,30.287,1,0
1983.25,157.70,0,0.942062501,0.060436869,31.51,1,0
1983.333333,164.10,0,0.855305695,-0.135485544,32.312,1,1
1983.416667,166.40,0,0.843569789,0.0176082,32.473,1,1
1983.5,167.00,0,0.86520562,-0.155477068,32.568,1,0
1983.583333,162.40,0,0.810209984,-0.2126252,32.825,1,1
1983.666667,167.20,0,0.888991223,-0.12488437,32.535,1,0
1983.75,167.70,0,0.857391985,-0.110146447,32.371,1,0
1983.833333,165.20,0,0.906958261,-0.011128686,31.986,1,0
1983.916667,164.40,0,0.937154249,0.056584849,31.695,1,0
1984,166.40,0,0.888729656,-0.02608101,31.792,1,0
1984.083333,157.30,0,0.866799592,-0.116288254,31.952,1,0
1984.166667,157.40,0,0.925959525,-0.025919061,32.177,1,1
1984.25,157.60,0,0.938009523,0.043000507,32.109,1,0
1984.333333,156.60,0,0.743387739,-0.370214371,31.982,1,0
1984.416667,153.10,0,0.748369333,-0.107433337,31.595,1,0
1984.5,151.10,0,0.909182927,-0.184637523,30.982,1,0
1984.583333,164.40,0,0.935759029,0.165105119,30.661,1,1
1984.666667,166.10,0,0.913848073,-0.06828228,30.884,1,0
1984.75,164.80,0,0.978372545,-0.224666285,31.3,1,0
1984.833333,166.30,0,0.944885303,-0.15148717,31.171,1,0
1984.916667,164.50,0,0.967323714,-0.016679246,30.851,1,0
1985,171.60,0,1.085408732,-0.116704828,30.977,1,0
1985.083333,180.90,0,0.944599593,-0.187513226,31.009,1,0
1985.166667,179.40,0,0.988148758,0.042137649,31.522,1,0
1985.25,180.60,0,1.066809135,-0.106177401,32.067,1,0
1985.333333,184.90,0,1.217941912,-0.299993163,31.94,1,0
1985.416667,188.90,0,1.199104345,0.065745896,32.067,1,0
1985.5,192.50,0,1.165404802,0.023412237,32.129,1,0
1985.583333,188.30,0,1.195814414,0.058535502,31.712,1,0
1985.666667,184.10,0,1.174094474,0.120909049,31.549,1,0
1985.75,186.20,0,1.304773387,0.2298101,31.55,1,0
1985.833333,197.50,0,1.350981996,0.197620102,31.773,1,0
1985.916667,207.30,0,1.452348296,-0.016372977,32.03,1,0
1986,208.20,0,1.423283077,0.245563756,32.156,1,0
1986.083333,219.40,0,1.627508573,-0.217614304,30.809,1,0
1986.166667,232.30,0,2.078676378,0.562312028,26.823,1,0
1986.25,238.00,0,1.990033107,0.50882863,23.867,1,0
1986.333333,238.50,0,1.65674729,-0.003496562,24.253,1,0
1986.416667,245.30,0,1.965805445,0.042905871,25.021,1,0
1986.5,240.20,0,2.160364176,0.720292415,23.415,1,0
1986.583333,245.00,0,2.339802196,0.690011441,22.162,1,0
1986.666667,238.30,0,1.981799305,0.312098055,22.741,1,0
1986.75,237.40,0,2.018933961,0.528581397,22.225,1,0
1986.833333,245.10,0,2.119359535,0.621754832,22.034,1,0
1986.916667,248.60,0,2.03295897,0.666313553,22.192,1,0
1987,264.50,0,1.911749385,0.533363419,23.787,1,0
1987.083333,280.90,0,1.997149113,0.575349205,25.177,1,0
1987.166667,292.50,0,1.925469057,0.463117573,25.244,1,0
1987.25,289.30,0,1.800012078,-0.310365288,25.438,1,0
1987.333333,289.10,0,1.772541084,0.169230291,24.977,1,0
1987.416667,301.40,0,1.726239214,0.16050893,25.505,1,0
1987.5,310.10,0,1.687354373,0.254431756,26.045,1,1
1987.583333,329.40,0,1.627371707,0.273015692,26.684,1,1
1987.666667,318.70,0,1.589034375,0.244403086,26.554,1,1
1987.75,280.20,0,1.738570187,-0.721891998,26.511,1,0
1987.833333,245.00,0,1.707415901,0.241501681,26.541,1,0
1987.916667,241.00,0,1.667136096,-0.036591917,26.34,1,0
1988,250.50,0,1.764494615,-0.19222805,26.055,1,0
1988.083333,258.10,0,1.701199367,0.177586364,25.919,1,0
1988.166667,265.70,0,1.60077126,-0.096905601,25.663,1,1
1988.25,262.60,0,1.491402171,-0.029510097,25.854,1,0
1988.333333,256.10,0,1.496702918,0.061594869,25.758,1,0
1988.416667,270.70,0,1.561493012,0.164804509,25.741,1,0
1988.5,269.10,0,1.461997008,-0.136021837,26.057,1,0
1988.583333,263.70,0,1.486069815,0.101312254,26.483,1,0
1988.666667,268.00,0,1.554017016,0.270890814,26.114,1,0
1988.75,277.40,0,1.730499902,0.422908388,25.927,1,0
1988.833333,271.00,0,1.626903165,0.287802068,25.909,1,0
1988.916667,276.50,0,1.634794772,0.429360878,25.773,1,0
1989,285.40,0,1.730268675,0.447294768,26.006,1,0
1989.083333,294.00,0,1.574801402,0.290086281,26.484,1,0
1989.166667,292.70,0,1.647104544,0.526881138,27.065,1,1
1989.25,302.30,0,1.711446791,0.628159587,30.098,1,1
1989.333333,313.90,0,1.772855628,0.442685564,30.684,1,1
1989.416667,323.70,0,1.977676725,0.710933973,30.282,1,2
1989.5,331.90,0,2.11189294,0.9542295,29.9,1,0
1989.583333,346.60,0,1.952772875,0.692451103,28.571,1,0
1989.666667,347.30,0,1.739282272,0.695169001,27.889,1,0
1989.75,347.40,0,1.699784746,0.606489216,28.164,1,0
1989.833333,340.20,0,1.637435834,0.677438457,27.634,1,0
1989.916667,348.60,0,1.564732429,0.580646538,27.618,1,0
1990,339.97,0,1.461711191,0.312427644,29.996,1,0
1990.083333,330.45,0,1.428688108,0.428665392,29.908,1,0
1990.166667,338.46,0,1.429095401,0.458155685,29.676,1,0
1990.25,338.18,0,1.35213149,0.195206096,29.785,1,0
1990.333333,350.25,0,1.202556747,0.093603309,29.433,1,0
1990.416667,360.39,0,1.223182713,0.150658855,29.718,1,1
1990.5,360.03,0,1.163444442,0.073019019,29.86,1,0
1990.583333,330.75,1,1.131504846,-0.205759883,32.449,1,5
1990.666667,315.41,1,1.126453468,-0.002918186,35.132,1,10
1990.75,307.12,1,1.44009905,0.225989685,37.593,1,12
1990.833333,315.29,1,1.559372074,0.301841482,37.639,1,7
1990.916667,328.75,1,1.571518486,0.396611535,37.766,1,7
1991,325.49,1,1.595649142,0.434575221,35.532,1,5
1991.083333,362.26,1,1.409326323,0.334168076,32.902,1,5
1991.166667,372.28,1,1.368902243,0.264300175,31.305,1,1
1991.25,379.68,0,1.357580983,0.218194642,31.267,1,0
1991.333333,377.99,0,1.306838869,0.203327813,31.855,1,0
1991.416667,378.29,0,1.28342902,0.10631433,31.498,1,0
1991.5,380.23,0,1.387224232,0.219471151,30.928,1,1
1991.583333,389.40,0,1.300039572,0.156401306,31.336,1,0
1991.666667,387.20,0,1.389358872,0.175976611,31.39,1,0
1991.75,386.88,0,1.372797891,0.175864886,31.24,1,0
1991.833333,385.92,0,1.351464262,0.182015684,31.562,1,0
1991.916667,388.51,0,1.54117538,0.21706423,31.927,1,0
1992,416.08,0,1.332485182,0.068790977,31.155,1,0
1992.083333,412.56,0,1.280781703,0.10962926,31.041,1,0
1992.166667,407.36,0,1.205613627,0.052540219,31.114,1,1
1992.25,407.41,0,1.211737549,0.047253235,31.049,1,0
1992.333333,414.81,0,1.218876846,0.011183141,31.316,1,1
1992.416667,408.27,0,1.194954348,-0.007332691,31.994,1,0
1992.5,415.05,0,1.253600891,-0.080067205,32.209,1,0
1992.583333,417.93,0,1.431802357,0.095505665,32.019,1,0
1992.666667,418.48,0,1.540979131,0.185611435,31.921,1,0
1992.75,412.50,0,1.44659,0.130414839,32.321,1,1
1992.833333,422.84,0,1.287950446,0.064011598,32.463,1,0
1992.916667,435.64,0,1.38289901,0.127632201,32.612,1,0
1993,435.23,0,1.394637505,0.07572174,32.588,1,1
1993.083333,441.70,0,1.41258773,0.043316727,32.633,1,0
1993.166667,450.16,0,1.361752961,0.015636509,32.322,1,0
1993.25,443.08,0,1.412687556,0.042677635,32.109,1,0
1993.333333,445.25,0,1.327961371,0.015024314,31.354,1,0
1993.416667,448.06,0,1.31518994,-0.065237242,30.902,1,1
1993.5,447.29,0,1.289828974,-0.07128667,30.67,1,0
1993.583333,454.13,0,1.410425913,-0.040336933,30.568,1,0
1993.666667,459.24,0,1.410653456,0.017322662,30.236,1,0
1993.75,463.90,0,1.384647475,-0.025568624,31.828,1,0
1993.833333,462.89,0,1.277076241,-0.145279563,31.338,1,0
1993.916667,465.95,0,1.272804861,-0.155323667,30.921,1,0
1994,472.99,0,1.228793675,-0.239376716,30.606,1,0
1994.083333,471.58,0,1.118409058,-0.453283007,31.079,1,0
1994.166667,463.81,0,1.203313431,-0.335877966,30.883,1,0
1994.25,447.23,0,1.216762213,-0.287385158,30.802,1,0
1994.333333,450.90,0,1.24459899,-0.293013692,30.077,1,0
1994.416667,454.83,0,1.205676225,-0.340005952,30.291,1,1
1994.5,451.40,0,1.1962482,-0.320972259,31.387,1,0
1994.583333,464.24,0,1.196554489,-0.260581961,32.857,1,0
1994.666667,466.96,0,1.159385992,-0.416013198,32.672,1,0
1994.75,463.81,0,1.202356877,-0.306290584,32.596,1,0
1994.833333,461.01,0,1.232886707,-0.271519175,32.853,1,0
1994.916667,455.19,0,1.28303201,-0.197916947,32.835,1,0
1995,465.25,0,1.27285265,-0.242250619,32.591,1,0
1995.083333,481.92,0,1.224004687,-0.293293269,32.484,1,0
1995.166667,493.15,0,1.220934674,-0.304850383,32.189,1,0
1995.25,507.91,0,1.194425539,-0.246788289,32.185,1,0
1995.333333,523.81,0,1.29547358,-0.343457803,32.475,1,0
1995.416667,539.35,0,1.320916628,-0.152608115,32.611,1,0
1995.5,557.37,0,1.237491734,-0.33047203,32.318,1,0
1995.583333,559.11,0,1.27516256,-0.198381521,31.934,1,0
1995.666667,578.77,0,1.249786004,-0.176210378,31.532,1,0
1995.75,582.92,0,1.338558894,-0.128368402,31.616,1,0
1995.833333,595.53,0,1.386006053,-0.047057897,30.971,1,0
1995.916667,614.57,0,1.405813098,-0.056256947,31.559,1,0
1996,614.42,0,1.390621733,-0.100991245,32.508,1,0
1996.083333,649.54,0,1.292356035,-0.331424895,32.528,1,0
1996.166667,647.07,0,1.248307913,-0.355015027,33.434,1,0
1996.25,647.17,0,1.250787774,-0.304924092,34.987,1,0
1996.333333,661.23,0,1.195814423,-0.337647029,35.292,1,1
1996.416667,668.50,0,1.259881181,-0.28962854,34.097,1,1
1996.5,644.07,0,1.272053543,-0.343261726,33.948,1,1
1996.583333,662.68,0,1.282130779,-0.377749031,33.618,1,0
1996.666667,674.88,0,1.237789615,-0.396205145,33.573,1,0
1996.75,701.46,0,1.29059997,-0.325891725,34.135,1,0
1996.833333,735.67,0,1.321122278,-0.296868642,34.705,1,0
1996.916667,743.25,0,1.25663823,-0.404431491,35.561,1,1
1997,766.22,0,1.299669517,-0.330573205,35.801,1,0
1997.083333,798.39,0,1.207028788,-0.481660341,35.799,1,0
1997.166667,792.16,0,1.210893144,-0.514078422,35.055,1,0
1997.25,763.93,0,1.215154996,-0.465784188,34.194,1,0
1997.333333,833.09,0,1.173007091,-0.462262765,32.82,1,0
1997.416667,876.29,0,1.145427795,-0.570798158,32.447,1,0
1997.5,925.29,0,1.204884134,-0.541622222,32.397,1,0
1997.583333,927.24,0,1.176830099,-0.498563416,33.983,1,0
1997.666667,937.02,0,1.152590731,-0.588765582,34.565,1,0
1997.75,951.16,0,1.311723301,-0.439667757,34.429,1,1
1997.833333,938.92,0,1.308541677,-0.357123645,33.664,1,0
1997.916667,962.37,0,1.324847323,-0.402387019,33.354,1,0
1998,963.36,0,1.375888691,-0.357280068,32.013,1,0
1998.083333,1023.74,0,1.317789963,-0.355320547,30.901,1,0
1998.166667,1076.83,0,1.298713056,-0.410963721,29.555,1,0
1998.25,1112.20,0,1.209219546,-0.439209779,28.814,1,0
1998.333333,1108.42,0,1.21175492,-0.394367085,29.393,1,0
1998.416667,1108.39,0,1.312037107,-0.363483792,29.839,1,0
1998.5,1156.58,0,1.362947936,-0.32228553,29.793,1,0
1998.583333,1074.62,0,2.016091392,0.083969881,29.081,1,0
1998.666667,1020.64,0,2.118701826,0.056647176,28.883,1,0
1998.75,1032.47,0,2.274578694,0.191981088,29.148,1,0
1998.833333,1144.43,0,1.996251062,0.173958041,28.76,1,0
1998.916667,1190.05,0,1.96516089,0.041155931,28.097,1,0
1999,1248.77,0,1.932903199,0.047027899,27.905,1,0
1999.083333,1246.58,0,1.782909272,-0.210897765,27.361,1,0
1999.166667,1281.66,0,1.67277023,-0.188131411,28.225,1,0
1999.25,1334.76,0,1.621229916,-0.230110675,31.841,1,1
1999.333333,1332.07,0,1.65680526,-0.232396084,31.299,1,1
1999.416667,1322.55,0,1.695300676,-0.171205163,31.012,1,0
1999.5,1380.99,0,1.754502189,-0.124725391,32.352,1,0
1999.583333,1327.49,0,1.978518251,-0.05899488,34.075,1,0
1999.666667,1318.17,0,2.026245647,0.063726642,35.259,1,0
1999.75,1300.01,0,2.102947712,0.084802133,35.329,1,0
1999.833333,1391.00,0,2.046106229,0.041587256,34.913,1,1
1999.916667,1428.68,0,1.869371785,-0.187220825,36.705,1,0
2000,1425.59,0,1.963741817,0.005690392,37.314,1,0
2000.083333,1388.87,0,2.122469498,0.076109879,38.594,1,2
2000.166667,1442.21,0,2.474351811,0.338839637,42.882,1,9
2000.25,1461.36,0,2.635867077,0.495788181,40.482,1,6
2000.333333,1418.48,0,2.806944909,0.679549312,39.658,1,4
2000.416667,1461.96,0,2.814760716,0.73132466,43.359,1,7
2000.5,1473.00,0,2.93890718,0.813328999,42.881,1,9
2000.583333,1485.46,0,3.091601579,0.998423708,40.52,1,4
2000.666667,1468.05,0,3.230154212,1.094933961,43.147,1,4
2000.75,1390.14,0,3.690695671,1.50623637,42.69,1,4
2000.833333,1378.04,0,3.772392822,1.568954934,42.434,1,4
2000.916667,1330.93,0,3.7961779,1.574138952,41.986,1,2
2001,1335.63,0,3.441020481,1.149845865,42.05,1,4
2001.083333,1305.75,0,3.320259046,1.142202086,41.57,1,3
2001.166667,1185.85,0,3.274990963,1.070912214,40.45,1,2
2001.25,1189.84,1,3.19793407,0.875116623,41.25,1,4
2001.333333,1270.37,1,2.994094549,0.730854507,44.986,1,9
2001.416667,1238.71,1,3.09048298,0.972090662,43.965,1,9
2001.5,1204.45,1,3.029486805,0.735955906,39.467,1,3
2001.583333,1178.50,1,3.047659433,0.744833482,38.605,1,2
2001.666667,1044.64,1,3.53394069,1.185104744,41.998,1,3
2001.75,1076.59,1,3.453716406,1.010145061,37.666,1,1
2001.833333,1129.68,1,2.979609084,-0.195022849,33.537,1,1
2001.916667,1144.93,0,2.902875283,0.34814925,31.969,1,0
2002,1140.21,0,2.96506385,0.540455726,32.385,1,0
2002.083333,1100.67,0,2.961224935,0.724498872,32.097,1,1
2002.166667,1153.79,0,2.611841097,0.210763003,34.689,1,1
2002.25,1111.93,0,2.649129283,0.347812234,37.25,1,2
2002.333333,1079.25,0,2.726610972,0.452801849,37.474,1,1
2002.416667,1014.02,0,3.265783129,0.897449583,37.57,1,1
2002.5,903.59,0,4.056211768,1.507387181,38.114,1,0
2002.583333,912.55,0,3.950436101,1.423163463,38.498,1,0
2002.666667,867.81,0,4.263469867,1.592943415,38.754,1,1
2002.75,854.63,0,4.326206688,1.398253152,40.482,1,2
2002.833333,909.93,0,3.754212247,0.984480013,40.194,1,1
2002.916667,899.18,0,3.659438965,0.866123702,40.066,1,1
2003,895.84,0,3.56449813,0.837336192,44.034,1,2
2003.083333,837.03,0,3.424693418,0.61871884,47.778,1,7
2003.166667,846.63,0,3.18816954,0.102525763,47.33,1,8
2003.25,890.03,0,2.712800477,0.028245638,42.946,1,4
2003.333333,935.96,0,2.7948866,-0.535942271,38.306,1,2
2003.416667,988.00,0,2.533496597,-0.413567223,38.562,1,0
2003.5,992.54,0,2.429864506,-1.134162559,40.226,1,1
2003.583333,989.53,0,2.396177615,-0.228122005,43.938,1,1
2003.666667,1019.44,0,2.416966188,-0.586320301,47.074,1,2
2003.75,1038.73,0,2.108741771,-0.548367954,44.002,1,2
2003.833333,1049.90,0,2.000905921,-0.588574586,43.746,1,1
2003.916667,1080.64,0,1.912280741,-0.547872292,44.834,1,0
2004,1132.52,0,1.801958527,-0.733257785,47.65,1,1
2004.083333,1143.36,0,1.917998933,-0.354770612,48.514,1,1
2004.166667,1123.98,0,1.929803854,-0.546593224,48.578,1,4
2004.25,1133.36,0,1.761820116,-0.792922905,47.266,1,7
2004.333333,1102.78,0,1.909330671,-0.403057012,49.698,1,8
2004.416667,1132.76,0,1.816400699,-0.40926266,51.522,1,15
2004.5,1105.85,0,1.74787947,-0.339698732,50.882,1,7
2004.583333,1088.94,0,1.90185564,-0.421722881,50.69,1,9
2004.666667,1117.66,0,1.767308798,-0.57142764,51.81,1,6
2004.75,1117.21,0,1.77855335,-0.533961515,55.554,1,5
2004.833333,1168.94,0,1.552260173,-0.693362815,57.602,1,8
2004.916667,1199.21,0,1.484170891,-0.74621778,56.61,1,2
2005,1181.41,0,1.744385744,-0.717183134,53.506,1,1
2005.083333,1199.63,0,1.566774716,-0.985307766,56.066,1,3
2005.166667,1194.90,0,1.861619745,-0.696730586,56.93,1,11
2005.25,1164.43,0,2.14675869,-0.440249749,58.114,1,18
2005.333333,1178.28,0,2.116876475,-0.353311973,55.49,1,16
2005.416667,1202.25,0,1.9655318,-0.504539456,55.81,1,10
2005.5,1222.24,0,1.722951093,-0.608521799,61.122,1,9
2005.583333,1224.27,0,1.84072967,-0.580425494,67.363,1,8
2005.666667,1225.92,0,1.833216632,-0.506866737,81.091,1,20
2005.75,1191.96,0,1.919488454,-0.35479923,76.387,1,23
2005.833333,1237.37,0,1.889701097,-0.359024564,65.507,1,15
2005.916667,1262.07,0,1.963874637,-0.322566285,64.419,1,9
2006,1278.73,0,1.825123064,-0.374677602,68.547,1,10
2006.083333,1276.65,0,1.7482777,-0.356317695,67.619,1,9
2006.166667,1293.74,0,1.716908409,-0.444281489,66.979,1,9
2006.25,1302.17,0,1.637401511,-0.478798086,72.035,1,15
2006.333333,1290.01,0,1.651492199,-0.379804472,73.155,1,25
2006.416667,1253.17,0,1.75784896,-0.401524746,73.443,1,15
2006.5,1260.24,0,1.801505403,-0.301274805,78.915,1,13
2006.583333,1287.15,0,1.82986004,-0.302941715,81.251,1,17
2006.666667,1317.74,0,1.825991872,-0.382671046,71.203,1,14
2006.75,1363.38,0,1.733945147,-0.394774533,63.363,1,9
2006.833333,1388.64,0,1.709346648,-0.379800947,62.691,1,7
2006.916667,1416.42,0,1.603699582,-0.512353999,67.907,1,5
2007,1424.16,0,1.518775968,-0.560455019,66.039,1,6
2007.083333,1444.80,0,1.542073005,-0.569588363,67.008,1,6
2007.166667,1406.95,0,1.603216178,-0.378817988,71.633,1,6
2007.25,1463.64,0,1.57290654,-0.381301173,73.745,1,9
2007.333333,1511.14,0,1.481038079,-0.625364602,77.286,1,15
2007.416667,1514.19,0,1.64491012,-0.408830773,77.528,1,18
2007.5,1520.71,0,2.153613445,0.00404459,77.866,1,14
2007.583333,1454.62,0,2.319937733,0.130176681,76.012,1,9
2007.666667,1497.12,0,2.272737574,0.048306206,78.621,1,7
2007.75,1539.66,0,2.218584621,-0.022783165,79.152,1,5
2007.833333,1463.39,0,2.787202547,0.313745979,86.215,1,9
2007.916667,1479.22,0,2.87684183,0.475002413,87.216,1,13
2008,1378.76,1,3.303846631,0.698880936,87.836,1,9
2008.083333,1354.87,1,3.574842413,0.916821377,89.092,1,8
2008.166667,1316.94,1,3.802021363,1.118008678,90.099,1,13
2008.25,1370.47,1,3.292007029,0.62130261,89.293,1,14
2008.333333,1403.22,1,3.134419101,0.639196953,93.569,1,22
2008.416667,1341.25,1,3.469069102,0.768902038,103.876,1,24
2008.5,1257.33,1,3.707160474,1.02878751,107.749,1,23
2008.583333,1281.47,1,3.847522865,1.213858374,102.887,1,17
2008.666667,1216.95,1,4.828430873,1.717174603,103.403,1,15
2008.75,968.80,1,7.234439697,3.323336983,89.714,1,11
2008.833333,883.04,1,7.932643165,2.980224429,62.284,1,4
2008.916667,877.56,1,7.739286571,3.17459619,50.295,1,3
2009,865.58,1,6.454863951,2.71112685,52.127,1,3
2009.083333,805.23,1,6.260474692,3.123509277,56.095,1,2
2009.166667,757.13,1,6.362042373,2.664608371,53.585,1,2
2009.25,848.15,1,5.4597081,2.186888294,54.058,1,3
2009.333333,902.41,1,4.859145564,1.306735432,56.701,1,1
2009.416667,926.12,1,4.226790891,0.876994783,68.148,1,1
2009.5,935.82,0,3.609787167,0.27228728,67.75,1,3
2009.583333,1009.73,0,3.4199964,0.033900909,71.594,1,3
2009.666667,1044.55,0,3.018140774,0.007558506,72.435,1,2
2009.75,1067.66,0,2.918980059,-0.171167363,73.205,1,2
2009.833333,1088.07,0,2.895494676,-0.042039022,76.361,1,2
2009.916667,1110.38,0,2.464178707,-0.533664705,75.892,1,1
2010,1123.58,0,2.461578603,-0.215407112,77.49,1,1
2010.083333,1089.16,0,2.48306557,-0.020185446,75.593,1,1
2010.166667,1152.05,0,2.270173833,-0.186935356,74.745,1,2
2010.25,1197.32,0,2.159392945,-0.305740278,74.637,1,2
2010.333333,1125.06,0,2.624325975,-0.172316854,73.173,1,3
2010.416667,1083.36,0,2.756887304,0.006140911,71.631,1,3
2010.5,1079.80,0,2.594661729,0.156510407,73.518,1,2
2010.583333,1087.28,0,2.764637881,-0.319058414,74.666,1,2
2010.666667,1122.08,0,2.583217594,-0.0265924,75.641,1,0
2010.75,1171.58,0,2.461611151,0.000593758,80.136,1,2
2010.833333,1198.89,0,2.452929284,-0.148504706,82.249,1,1
2010.916667,1241.53,0,2.263929539,-0.441264889,86.923,1,1
2011,1282.62,0,2.155864649,-0.010317332,88.43,1,4
2011.083333,1321.12,0,2.035437264,-0.287449469,89.896,1,3
2011.166667,1304.49,0,2.000426138,-0.333037579,94.757,1,8
2011.25,1331.51,0,2.012701865,-0.277149705,99.549,1,9
2011.333333,1338.31,0,2.09904746,-0.144612452,101.012,1,8
2011.416667,1287.29,0,2.191259361,-0.019712069,97.735,1,6
2011.5,1325.19,0,2.256820037,-0.063803418,97.875,1,5
2011.583333,1185.31,0,2.880339036,-0.109630223,98.283,1,3
2011.666667,1173.88,0,3.15746167,0.401436918,99.192,1,3
2011.75,1207.22,0,2.851883681,-0.132813131,98.186,1,3
2011.833333,1226.42,0,3.033309619,0.476918937,99.109,1,2
2011.916667,1243.32,0,2.918908735,0.244761599,96.635,1,2
2012,1300.58,0,2.7988655,0.158990823,98.323,1,3
2012.083333,1352.49,0,2.542406446,0.0342546,101.658,1,3
2012.166667,1389.24,0,2.469248067,-0.378885389,102.501,1,6
2012.25,1386.43,0,2.560943414,-0.194127444,102.535,1,6
2012.333333,1341.27,0,2.83704635,-0.124985921,97.576,1,4
2012.416667,1323.48,0,2.786650401,0.133443633,93.662,1,3
2012.5,1359.78,0,2.636340834,-0.039188433,92.404,1,3
2012.583333,1403.45,0,2.581252696,-0.225426783,99.682,1,5
2012.666667,1443.42,0,2.445199144,-0.174963052,105.026,1,2
2012.75,1437.82,0,2.290928052,-0.196742585,106.817,1,4
2012.833333,1394.51,0,2.379256214,-0.065188127,101.291,1,2
2012.916667,1422.29,0,2.273024048,-0.182169967,98.478,1,2
2013,1480.40,0,2.15299613,-0.101999251,98.622,1,2
2013.083333,1512.31,0,2.194011581,-0.041573259,105.733,1,4
2013.166667,1550.83,0,2.168646888,-0.110816947,99.736,1,2
2013.25,1570.70,0,2.109106433,-0.140529395,94.899,1,2
2013.333333,1639.84,0,2.01784309,-0.522166049,94.184,1,2
2013.416667,1618.77,0,2.195094366,-0.389765541,95.752,1,2
2013.5,1668.68,0,2.068668598,-0.021931019,95.963,1,2
2013.583333,1670.09,0,2.056505793,-0.125535939,97.482,1,2
2013.666667,1687.17,0,2.109696823,-0.147091698,95.607,1,0
2013.75,1720.03,0,2.025151636,-0.032178096,95.066,1,1
2013.833333,1783.54,0,1.964197741,-0.00069547,95.548,1,2
2013.916667,1807.78,0,1.814380203,-0.155496195,97.482,1,0
2014,1822.36,0,1.8736809,-0.320842824,99.149,1,0
2014.083333,1817.04,0,1.768325358,-0.218985439,98.111,1,1
2014.166667,1863.52,0,1.717771946,-0.294117117,96.565,1,1
2014.25,1864.26,0,1.661347841,-0.378393324,98.232,1,2
2014.333333,1889.77,0,1.661110027,-0.391812605,96.926,1,3
2014.416667,1947.09,0,1.630694531,-0.324179434,97.254,1,3
2014.5,1973.10,0,1.688700607,-0.341140227,96.446,1,2
2014.583333,1961.53,0,1.69728505,-0.32637829,94.866,1,1
2014.666667,1993.23,0,1.837743182,-0.243688329,92.343,1,1
2014.75,1937.27,0,1.951236109,-0.236568661,89.583,1,1
2014.833333,2044.57,0,2.105508298,0.033620312,84.403,1,1
2014.916667,2054.27,0,2.202424466,0.051620046,76.809,1,0
2015,2028.18,0,2.284409346,-0.083557156,64.354,1,2
2015.083333,2082.20,0,2.029995132,-0.337426859,66.637,1,1
2015.166667,2079.99,0,2.141996166,-0.170261063,69.101,1,1
2015.25,2094.86,0,2.109846734,-0.020667164,68.094,1,1
2015.333333,2111.94,0,2.117868237,0.03223115,72.448,1,1
2015.416667,2099.29,0,2.236107039,0.13398664,74.228,1,1
2015.5,2094.14,0,2.37177236,0.190812508,74.479,1,1
2015.583333,2039.87,0,2.493664144,0.390314123,72.523,1,2
2015.666667,1944.41,0,2.700883953,0.524026985,64.916,1,1
2015.75,2024.81,0,2.477360866,0.414488912,64.058,1,1
2015.833333,2080.62,0,2.527894885,0.496773995,63.942,1,0
2015.916667,2054.08,0,2.747828015,0.671840384,61.303,1,2
2016,1918.60,0,3.144125115,0.910132534,58.286,1,0
2016.083333,1904.42,0,3.153497623,0.937045593,52.302,1,1
2016.166667,2021.95,0,2.730603743,0.565398294,56.266,1,1
2016.25,2075.54,0,2.450737476,0.217142993,59.328,1,1
2016.333333,2065.55,0,2.421499333,0.229742097,60.292,1,2
2016.416667,2083.89,0,2.520118933,0.02894311,63.14,1,0
2016.5,2148.90,0,2.325980507,-0.024103894,59.653,1,0
2016.583333,2170.95,0,2.14689632,-0.031186002,59.088,1,0
2016.666667,2157.69,0,2.122895713,-0.098086789,61.017,1,1
2016.75,2143.02,0,1.933656079,-0.081091194,63.559,1,2
2016.833333,2164.99,0,1.832904848,-0.78331065,64.003,1,1
2016.916667,2246.63,0,1.695774288,-0.259105264,66.232,1,1
2017,2275.12,0,1.657264423,-0.202226842,70.087,1,1
2017.083333,2329.91,0,1.600376097,-0.199894865,68.31,1,1
2017.166667,2366.82,0,1.635301309,-0.187337547,67.484,1,0
2017.25,2359.31,0,1.622270056,-0.132893421,67.876,1,0
2017.333333,2395.35,0,1.586378018,-0.182983746,63.826,1,0
2017.416667,2433.99,0,1.565927806,-0.142555097,62.948,1,1
2017.5,2454.10,0,1.508630446,-0.165068784,61.478,1,0
2017.583333,2456.22,0,1.646811234,-0.077585318,65.199,1,0
2017.666667,2492.84,0,1.51095861,-0.27959677,72.745,1,2
2017.75,2557.00,0,1.451541739,-0.22352993,70.43,1,1
2017.833333,2593.61,0,1.452059295,-0.156036965,74.555,1,0
2017.916667,2664.34,0,1.415193864,-0.221477015,73.346,1,1
2018,2789.80,0,1.281548121,-0.427719029,76.089,1,1
2018.083333,2705.16,0,1.37638794,-0.267838709,76.98,1,0
2018.166667,2702.77,0,1.534723919,-0.131263845,75.021,1,1
2018.25,2653.63,0,1.448315699,-0.319603283,77.031,1,0
2018.333333,2701.49,0,1.532379209,-0.22928143,77.745,1,2
2018.416667,2754.35,0,1.619485486,-0.004109638,78.257,1,2
2018.5,2793.64,0,1.482229732,-0.160650275,77.109,1,2
2018.583333,2857.82,0,1.534934471,-0.111691728,78.452,1,1
2018.666667,2901.50,0,1.428561311,-0.20616873,79.439,1,0
2018.75,2785.46,0,1.589275248,-0.015292039,81.809,1,1
2018.833333,2723.23,0,1.790199544,0.122560388,78.397,1,0
2018.916667,2567.31,0,2.081915828,0.328326453,71.955,1,1
2019,2607.39,0,1.830679158,0.165674842,68.578,1,1
2019.083333,2754.86,0,1.645022037,0.053174633,70.105,1,1
2019.166667,2803.98,0,1.673973061,-0.144861011,74.544,1,1
2019.25,2903.80,0,1.575276784,-0.015178891,79.416,1,1
2019.333333,2854.71,0,1.815570007,-0.035207712,77.565,1,2
2019.416667,2890.17,0,1.687238366,-0.002451548,74.031,1,1
2019.5,2996.11,0,1.630831506,-0.056016062,74.559,1,2
2019.583333,2897.50,0,1.815968497,-0.178440697,72.923,1,1
2019.666667,2982.16,0,1.724665273,-0.268057016,72.927,1,1
2019.75,2977.68,0,1.707635408,-0.255941592,75.787,1,2
2019.833333,3104.90,0,1.635058023,-0.208337547,77.377,1,1
2019.916667,3176.75,0,1.481790334,-0.311670662,77.457,1,0
2020,3278.20,0,1.664900671,-0.276519501,77.209,1,2
2020.083333,3277.31,0,1.988265298,-0.187529706,73.954,1,0
2020.166667,2652.39,1,3.847829271,1.168676906,66.944,1,1
2020.25,2761.98,1,2.904388562,0.636401621,54.221,1,0
2020.333333,2919.62,0,2.536631432,0.394974481,51.556,1,0
2020.416667,3104.66,0,2.339384278,0.037083021,56.779,1,0
2020.5,3207.62,0,2.043503949,-0.180439055,59.429,1,0
2020.583333,3391.71,0,1.962798036,-0.284486026,60.685,1,0
2020.666667,3365.52,0,2.069222906,-0.003324532,61.674,1,0
2020.75,3418.70,0,1.951790347,-0.206449131,62.095,1,0
2020.833333,3548.99,0,1.681050388,-0.476567345,62.386,1,0
2020.916667,3695.31,0,1.496602933,-0.504899507,65.615,1,1
2021,3793.75,0,1.456597235,-0.655181157,70.461,1,0
2021.083333,3883.43,0,1.395513688,-0.960068809,74.961,1,1
2021.166667,3910.51,0,1.334606287,-0.747889976,81.802,1,3
2021.25,4141.18,0,1.271706781,-0.489938978,80.72,1,2
2021.333333,4167.85,0,1.26568378,-0.42531641,80.16,1,3
2021.416667,4238.49,0,1.186659788,-0.590172386,82.197,1,1
2021.5,4363.71,0,1.254698851,-0.562838957,84.177,1,1
2021.583333,4454.21,0,1.263879617,-0.470338728,86.503,1,2
2021.666667,4493.28,0,1.191291555,-0.65363365,87.568,1,1
2021.75,,0,1.193348204,-0.535177781,92.884,1,1
2021.833333,,0,,,,,
2021.916667,,,,,,,