cattype,BEA Category,BEA Category Full,coefname,agg_level,
nipa,Vehicle Parts,Vehicle accessories and parts,acces_parts,4,
nipa,Tax Services,      Tax preparation and other related services,accounting,4,
nipa,Air,      Air transportation ,air,4,
nipa,Alcohol (restaurants),      Alcohol in purchased meals,alcaway,4,
nipa,Alcohol (home),Alcoholic beverages purchased for off-premises consumption,alchome,4,
nipa,Amusement parks and other,"      Amusement parks, campgrounds, and related  recreational services",amusement,4,
nipa,Repair of appliances,      Repair of household appliances,app_repair,4,
nipa,      Audio equipment,      Audio equipment,audio_equip,4,
nipa,Purchased music,"      Prerecorded and blank audio discs/tapes/
       digital files/downloads",audio_record,4,
nipa,Net vehicle insurance,      Net motor vehicle and other transportation insurance,auto_insur,4,
nipa,      Motor vehicle maintenance ,      Motor vehicle maintenance and repair,auto_repair,4,
nipa,      Bicycles and accessories,      Bicycles and accessories,bicycles,4,
nipa,      Pleasure boats,      Pleasure boats,boats,4,
nipa,      Intercity buses,      Intercity buses,bus,4,
nipa,      Cable or satellite television and radio ,      Cable and satellite television and radio services,cable,4,
nipa,Info process equip.,"      Calculators, typewriters, and other information
       processing equipment",calculator,4,
nipa,Motor vehicle leasing,      Motor vehicle leasing,car_lease,4,
nipa, Motor vehicle rental,      Motor vehicle rental,car_rental,4,
nipa,Floor coverings,      Carpets and other floor coverings,carpets,4,
nipa,      Other transportation service,      Other road transportation service,carpool,4,
nipa,Cell service,      Cellular telephone services,cell_service,4,
nipa,      Social and civic organizations,      Social advocacy and civic and social organizations,charity,4,
nipa,      Children's clothing,      Children's and infants' clothing,child_cloth,4,
nipa,      Child care,      Child care,childcare,4,
nipa,Lighting and Decorative items,"      Clocks, lamps, lighting fixtures, and other household  decorative items",clock,4,
nipa,"      Clothing repair, rental, and alterations","      Clothing repair, rental, and alterations",cloth_repair,4,
nipa,      Higher education ,      Higher education ,college_tuition,4,
nipa,      Personal computers and equipment,      Personal computers and peripheral equipment,computer_equip,4,
nipa,Cosmetics, Cosmetic/perfumes/bath/nail preparations and implements,cosmetic,4,
nipa,Dental,      Dental services,dental_service,4,
nipa,Dishes/flatware,      Dishes and flatware,dishes,4,
nipa,Domestic services,      Domestic services,dom_service,4,
nipa,      Physician services,      Physician services,dr_service,4,
nipa,      Educ. books ,      Educational books ,educ_book,4,
nipa,      Electricity ,      Electricity ,electric,4,
nipa,     K-12 Schools,      Elementary and secondary schools,elem_tuition,4,
nipa,  Eyeglasses and contacts,      Corrective eyeglasses and contact lenses,eyeglass,4,
nipa,      Photo processing,      Photo processing,film_process,4,
nipa,      Financial service charges,      Financial service charges and fees,fin_service,4,
nipa,     Horticulture goods,"      Flowers, seeds, and potted plants",flower,4,
nipa,Food at home,"      Food and nonalcoholic beverages purchased for off-
       premises consumption",foodhome2,4,
nipa,School meals,      Meals at schools,food_school,4,
nipa,,"      Food and nonalcoholic beverages purchased for off-
       premises consumption",food_stamps,4,
nipa,Food (restaurants),      Other purchased meals,foodaway,4,
nipa,Foreign travel,      Passenger fares for foreign travel,foreign_travel,4,
nipa,Fuel oil,      Fuel oil,fuel_oil,4,
nipa,Funeral service,      Funeral and burial services,funeral,4,
nipa,Furniture repair,"      Repair of furniture, furnishings, and floor coverings",furn_repair,4,
nipa,Furniture,Furniture,furniture,4,
nipa,      Gambling ,      Gambling ,gambling,4,
nipa,Games,"      Games, toys, and hobbies",games,4,
nipa,Gasoline,      Gasoline and other motor fuel,gasoline,4,
nipa,Group housing,      Group housing,group_home,4,
nipa,Salons,      Hairdressing salons and personal grooming establishments,hair,4,
nipa,Medical care,      Medical care and hospitalization,health_insur,4,
nipa,Home healthcare,      Home health care,home_health,4,
nipa,      Net household insurance,      Net household insurance,home_insur,4,
nipa,      Hospitals,      Hospitals,hospital,4,
nipa,      Hotels ,      Hotels and motels,hotels,4,
nipa,      Cleaning products,      Household cleaning products,house_clean,4,
nipa,Linens,      Household linens,house_linen,4,
nipa,Misc. household,Miscellaneous household products,house_misc,4,
nipa,Paper products,      Household paper products,house_paper,4,
nipa,Internet,      Internet access,internet,4,
nipa,Intracity mass transit,      Intracity mass transit,intracity,4,
nipa,Jewelry,      Jewelry,jewelry,4,
nipa,Laundry,      Laundry and drycleaning services,laundry,4,
nipa,Legal service,      Legal services,legal,4,
nipa,Life insurance,      Life insurance,life_insur,4,
nipa,Live entertainment,"      Live entertainment, excluding sports    ",live_entertain,4,
nipa,Luggage,      Luggage and similar personal items ,luggage,4,
nipa,Appliances,      Major household appliances,major_app,4,
nipa,Clothing materials,      Clothing materials,material_cloth,4,
nipa,      Therapeutic medical equip.,      Therapeutic medical equipment,med_equip_t,4,
nipa,      Med. Lab.,      Medical laboratories,med_lab,4,
nipa,"Outpatient care
       and allied services","      Specialty outpatient care facilities and health
       and allied services",med_outpatient,4,
nipa,      Membership clubs,      Membership clubs and participant sports centers,member_club,4,
nipa,Men's clothing,      Men's and boys' clothing ,men_cloth,4,
nipa,Lubricants,      Lubricants and fluids,motor_oil,4,
nipa,Motorcycles,      Motorcycles,motorcycles,4,
nipa,Moving,"      Moving, storage, and freight services",moving,4,
nipa,Music instruments,      Musical instruments,music_instrument,4,
nipa,      Natural gas,      Natural gas,nat_gas,4,
nipa,Nonelectric cookware,      Nonelectric cookware and tableware,nelec_cook,4,
nipa,New autos,New autos,newautos,4,
nipa,New light trucks,New light trucks,newlighttrucks,4,
nipa,Newspapers,      Newspapers and periodicals,newspaper,4,
nipa,      Nonprescription drugs,      Nonprescription drugs,non_prescription,4,
nipa,      Nursing homes,      Nursing homes,nurse_home,4,
nipa,      Other personal business services,      Other personal business services,other_bus_service,4,
nipa,      Other fuels,      Other fuels,other_fuel,4,
nipa,      Other household services,      Other household services,other_house_service,4,
nipa,      Other medical products,      Other medical products,other_medical,4,
nipa,      All other medical services,      All other professional medical services,other_med,4,
nipa,      Miscellaneous personal care ,      Miscellaneous personal care services,other_pers_service,4,
nipa,      Other rec. vehicles,      Other recreational vehicles,other_recv,4,
nipa,      Commercial and vocational schools ,      Commercial and vocational schools ,other_school,4,
nipa,      Other video equip.,      Other video equipment,other_video,4,
nipa,Owner imputed rent,      Imputed rental of owner-occupied nonfarm housing,own_home,4,
nipa,      Parking and tolls,      Parking fees and tolls,parking_fee,4,
nipa,    Nonelectric personal care,"      Hair, dental, shaving, and miscellaneous personal care
        products except electrical products",pers_care,4,
nipa,Electric personal care,      Electric appliances for personal care,pers_elec,4,
nipa,      Pets and pet products,      Pets and related products,pet_food,4,
nipa,      Photo. equipment,      Photographic equipment,photo_equip,4,
nipa,      Photo studios,      Photo studios,photo_service,4,
nipa, Photo supplies,      Film and photographic supplies,photo_supply,4,
nipa,,,planes,4,
nipa,Post/delivery services,Postal and delivery services ,post,4,
nipa,      Day care ,      Day care and nursery schools,preschool,4,
nipa,      Prescription drugs ,      Prescription drugs ,prescription,4,
nipa,      Rec. books ,      Recreational books ,rec_book,4,
nipa,Rent,      Rental of tenant-occupied nonfarm housing ,rent,4,
nipa,Maintenance rec. equip.,"      Maintenance and repair of recreational vehicles 
       and sports equipment",repair_rec,4,
nipa,Repair TV and audio equip.,"      Repair of audio-visual, photographic, and information
       processing equipment",repair_tvaudio,4,
nipa,Housing at school,Housing at schools,school_housing,4,
nipa,      Sewing items,      Sewing items,sewing,4,
nipa,      Water transportation,      Water transportation,ship,4,
nipa,     Footwear repair,      Repair and hire of footwear,shoe_repair,4,
nipa,Footwear,      Shoes and other footwear,shoes,4,
nipa,      Small electric appliances,      Small electric household appliances,small_app,4,
nipa,      Social assistance,      Social assistance,soc_assist,4,
nipa,Software and accessories ,      Computer software and accessories,software,4,
nipa,      Spectator sports,      Spectator sports,spec_sport,4,
nipa,Sporting equip.,"      Sporting equipment, supplies, guns, and ammunition",sport_equip,4,
nipa,Misc. printed material,      Stationery and miscellaneous printed materials,stationary,4,
nipa,Taxi,      Taxicabs,taxi,4,
nipa,Telecommunication service,      Telecommunication services,tel_service,4,
nipa,Telephone equip.,      Telephone and facsimile equipment,telephone,4,
nipa,Cinema and other entertainment,"      Motion picture theaters
      Live entertainment, excluding sports
      Museums and libraries",theater,4,
nipa,Tires,Tires,tires,4,
nipa,Tobacco,      Tobacco ,tobacco,4,
nipa,Tools/hardware,"      Tools, hardware, and supplies",tools,4,
nipa,Train,      Railway transportation,train,4,
nipa,Garbage,      Garbage and trash collection,trash,4,
nipa,TV,      Televisions,tv,4,
nipa,Used autos,Used autos,usedautos,4,
nipa,Used light trucks,Used light trucks,usedlighttrucks,4,
nipa,Vet service,      Veterinary and other services for pets,vet_service,4,
nipa,Video discs/other,"      Video cassettes and discs, blank and prerecorded",video_record,4,
nipa,Video rental,      Video media rental,video_rental,4,
nipa,Watches,      Watches,watches,4,
nipa,Water/sewage,      Water supply and sewage maintenance,water,4,
nipa,Window covers,      Window coverings,window_cover,4,
nipa,Women's clothing,      Women's and girls' clothing ,women_cloth,4,
nipa,Food services and accomodations,Food services and accommodations,acc_service,3,
nipa,Clothing,Clothing and footwear,clothing,3,
nipa,Financial services and insurance,Financial services and insurance,fin_service_cat,3,
nipa,Food and beverages at home,Food and beverages purchased for off premises consumption,foodbev_home,3,
nipa,Gasoline and other energy goods,Gasoline and other energy goods,gasoline_cat,3,
nipa,Health care,Health care,health_nipa,3,
nipa,Furnishings,Furnishings and durable household equipment,home_dur,3,
nipa,Housing and utilities,Housing and utilities,house_nipa,3,
nipa,Motor vehicles and parts,Motor Vehicles and parts,mv_parts,3,
nipa,Other durable goods,Other durable goods,other_dur,3,
nipa,Other nondurable goods,Other nondurable goods,other_nondur,3,
nipa,Other services,Other services,other_service,3,
nipa,Recreational goods and vehicles,Recreational goods and vehicles,rec_dur,3,
nipa,Recreation services,Recreation services,rec_service,3,
nipa,Transportation services,Transportation services,transportation,3,
nipa,PCE,PCE,pce,1,
nipa,BEA Durables,BEA Durables,durable_nipa,2,
nipa,BEA Non-durable Good,BEA Non-durable Good,nondurable_nipa,2,
nipa,BEA Service,BEA Service,service_nipa,2,
